file,status,flags,blocks,pdf,note
2017-08-31 - Senate,needs human check,4,156,"2017-08-31 - Hansard Report - Tuesday, 31st August, 2017.pdf",done manually
2017-09-13-14-30-00 - Senate,needs human check,5,111,"2017-09-13 - Hansard Report - Wednesday, 13th September, 2017.pdf",done manually
2017-09-14-14-30-00 - Senate,needs human check,4,187,"2017-09-14 - Hansard Report - Thursday, 14th September, 2017.pdf",done manually
2017-09-26-14-30-00 - Senate,finished - no issues found,0,65,"2017-09-26 - Hansard Report - Tuesday, 26th September, 2017.pdf",done manually
2017-09-27-14-30-00 - Senate,finished - no issues found,0,195,"2017-09-27 - Hansard Report - Wednesday, 27th September, 2017.pdf",done manually
2017-09-28-14-30-00 - Senate,finished - no issues found,0,257,"2017-09-28 - Hansard Report - Thursday, 28th September, 2017.pdf",done manually
2017-10-10-14-30-00 - Senate,finished - no issues found,0,122,"2017-10-10 - Hansard Report - Tuesday, 10th October, 2017.pdf",done manually
2017-10-11-14-30-00 - Senate,finished - no issues found,0,154,"2017-10-11 - Hansard Report - Wednesday, 11th October, 2017.pdf",done manually
2017-10-12-14-30-00 - Senate,needs human check,2,269,"2017-10-12 - Hansard Report - Thursday, 12th October, 2017.pdf",done manually
2017-11-07-14-30-00 - Senate,needs human check,1,177,"2017-11-07 - Hansard Report - Tuesday, 7th November, 2017.pdf",done manually
2017-11-08-14-30-00 - Senate,needs human check,8,240,"2017-11-08 - Hansard Report - Wednesday, 8th November, 2017.pdf",done manually
2017-11-09-14-30-00 - Senate,needs human check,3,391,"2017-11-09 - Hansard Report - Thursday, 9th November, 2017.pdf",done manually
2017-11-29-14-30-00 - Senate,needs human check,1,189,"2017-11-29 - Hansard Report - Wednesday, 29th November, 2017.pdf",done manually
2017-11-30-14-30-00 - Senate,needs human check,6,185,"2017-11-30 - Hansard Report - Thursday, 30th November, 2017.pdf",
2017-12-05-14-30-00 - Senate,needs human check,7,91,"2017-12-05 - Hansard Report – Tuesday, 5th December, 2017.pdf",
2017-12-06-14-30-00 - Senate,needs human check,5,164,"2017-12-06 - Hansard Report - Wednesday, 6th December, 2017.pdf",
2017-12-07-14-30-00 - Senate,needs human check,54,199,"2017-12-07 - Hansard Report - Thursday, 7th December, 2017.pdf",
2017-12-13-14-30-00 - Senate,finished - no issues found,0,189,"2017-12-13 - Hansard Report - Wednesday, 13th December, 2017.pdf",
2017-12-14-14-30-00 - Senate,needs human check,33,401,"2017-12-14 - Hansard Report - Thursday, 14th December, 2017.pdf",
2018-02-13 - Senate,needs human check,1,52,"2018-02-13 - Hansard Report - Tuesday, 13th February, 2018.pdf",
2018-02-14-14-30-00 - Senate,needs human check,7,281,"2018-02-14 - Hansard Report - Wednesday, 14th February, 2018.pdf",
2018-02-15-14-30-00 - Senate,needs human check,2,224,"2018-02-15 - Hansard Report - Thursday, 15th February, 2018.pdf",
2018-02-20-14-30-00 - Senate,finished - no issues found,0,241,"2018-02-20 - Hansard Report - Tuesday, 20th February, 2018.pdf",
2018-02-21-14-30-00 - Senate,needs human check,12,220,"2018-02-21 - Hansard Report - Wednesday, 21st February, 2018.pdf",
2018-02-22-14-30-00 - Senate,needs human check,29,299,"2018-02-22 - Hansard Report - Thursday, 22nd February, 2018.pdf",
2018-02-27-14-30-00 - Senate,needs human check,1,252,"2018-02-27 - Hansard Report - Tuesday, 27th February, 2018.pdf",
2018-02-28-14-30-00 - Senate,finished - no issues found,0,210,"2018-02-28 - Hansard Report - Wednesday, 28th February, 2018.pdf",
2018-03-01-14-30-00 - Senate,finished - no issues found,0,224,"2018-03-01 - Hansard Report - Thursday, 1st March, 2018.pdf",
2018-03-06-14-30-00 - Senate,needs human check,19,393,"2018-03-06 - Hansard Report - Tuesday, 6th March, 2018.pdf",
2018-03-07-14-30-00 - Senate,needs human check,1,383,"2018-03-07 - Hansard Report - Wednesday, 7th March, 2018.pdf",
2018-03-08-14-30-00 - Senate,needs human check,2,324,"2018-03-08 - Hansard Report - Thursday, 8th March, 2018.pdf",
2018-03-13-14-30-00 - Senate,needs human check,12,220,"2018-03-13 - Hansard Report - Tuesday, 13th March, 2018.pdf",
2018-03-14-14-30-00 - Senate,needs human check,2,215,"2018-03-15 - Hansard Report - Thursday, 15th March, 2018.pdf",
2018-03-15-14-30-00 - Senate,needs human check,1,215,"2018-03-15 - Hansard Report - Thursday, 15th March, 2018.pdf",
2018-03-20-14-30-00 - Senate,finished - no issues found,0,331,"2018-03-20 - Hansard Report - Tuesday, 20th March, 2018.pdf",
2018-03-21-14-30-00 - Senate,needs human check,10,552,"2018-03-21 - Hansard Report - Wednesday, 21st March, 2018.pdf",
2018-03-22-14-30-00 - Senate,finished - no issues found,0,320,"2018-03-22 - Hansard Report - Thursday, 22nd March, 2018.pdf",
2018-03-27-14-30-00 - Senate,needs human check,1,545,"2018-03-27 - Hansard Report - Tuesday, 27th March, 2018.pdf",
2018-03-28-14-30-00 - Senate,needs human check,1,230,"2018-03-14 - Hansard Report - Wednesday,14th March, 2018.pdf",
2018-03-29-14-30-00 - Senate,needs human check,2,701,"2018-03-29 - Hansard Report - Thursday, 29th March, 2018.pdf",
2018-04-18 - Senate,needs human check,2,118,"2018-04-18 - Hansard Report - Wednesday, 18th April, 2018 - Special Sitting.pdf",
2018-05-08-14-30-00 - Senate,finished - no issues found,0,158,"2018-05-08 - Hansard Report - Thursday, 8th May, 2018.pdf",
2018-05-09-14-30-00 - Senate,needs human check,2,280,"2018-05-09 - Hansard Report - Wednesday, 9th May, 2018.pdf",
2018-05-10-14-30-00 - Senate,needs human check,1,274,"2018-05-10 - Hansard Report - Thursday, 10th May, 2018.pdf",
2018-05-15-14-30-00 - Senate,finished - no issues found,0,261,"2018-05-15 - Hansard Report - Tuesday, 15th May, 2018.pdf",
2018-05-16-14-30-00 - Senate,needs human check,14,246,"2018-05-16 - Hansard Report - Wednesday, 16th May, 2018.pdf",
2018-05-17-14-30-00 - Senate,finished - no issues found,0,211,"2018-05-17 - Hansard Report - Thursday, 17th May, 2018.pdf",
2018-05-29-14-30-00 - Senate,finished - no issues found,0,217,"2018-05-29 - Hansard Report - Tuesday, 29th May, 2018.pdf",
2018-05-30-14-30-00 - Senate,finished - no issues found,0,234,"2018-05-30 - Hansard Report - Wednesday, 30th May, 2018.pdf",
2018-05-31-14-30-00 - Senate,finished - no issues found,0,167,"2018-05-31 - Hansard Report - Thursday, 31st May, 2018.pdf",
2018-06-05-14-30-00 - Senate,needs human check,1,200,"2018-06-05 - Hansard Report - Tuesday, 5th June, 2018.pdf",
2018-06-06-14-30-00 - Senate,needs human check,5,266,"2018-06-06 - Hansard Report - Wednesday, 6th June, 2018.pdf",
2018-06-07-14-30-00 - Senate,needs human check,3,189,"2018-06-07 - Hansard Report - Thursday, 7th June, 2018.pdf",
2018-06-12-14-30-00 - Senate,needs human check,4,190,"2018-06-12 - Hansard Report - Tuesday, 12th June, 2018.pdf",
2018-06-13-14-30-00 - Senate,needs human check,9,345,"2018-06-13 - Hansard Report - Wednesday, 13th June, 2018.pdf",
2018-06-14-14-30-00 - Senate,needs human check,2,178,"2018-06-14 - Hansard Report - Thursday, 14th June, 2018.pdf",
2018-06-19-14-30-00 - Senate,finished - no issues found,0,270,"2018-06-19 - Hansard Report - Tuesday, 19th June, 2018.pdf",
2018-06-20-14-30-00 - Senate,needs human check,8,449,"2018-06-20 - Hansard Report - Tuesday, 20th June, 2018.pdf",
2018-06-21-14-30-00 - Senate,needs human check,3,470,"2018-06-21 - Hansard Report - Thursday, 21st June, 2018.pdf",
2018-07-03-14-30-00 - Senate,finished - no issues found,0,112,"2018-07-03 - Hansard Report - Tuesday, 3rd July, 2018.pdf",
2018-07-04-14-30-00 - Senate,needs human check,1,194,"2018-07-04 - Hansard Report - Wednesday, 4th July, 2018.pdf",
2018-07-05-14-30-00 - Senate,finished - no issues found,0,178,"2018-07-05 - Hansard Report - Thursday, 5th July, 2018.pdf",
2018-07-10-14-30-00 - Senate,needs human check,1,169,"2018-07-10 - Hansard Report - Tuesday, 10th July, 2018.pdf",
2018-07-11-14-30-00 - Senate,needs human check,5,281,"2018-07-11 - Hansard Report - Wednesday, 11th July, 2018.pdf",
2018-07-12-14-30-00 - Senate,needs human check,23,192,"2018-07-12 - Hansard Report - Thursday, 12th July, 2018.pdf",
2018-07-17-14-30-00 - Senate,finished - no issues found,0,165,"2018-07-17 - Hansard Report - Tuesday, 17th July, 2018.pdf",
2018-07-18-14-30-00 - Senate,finished - no issues found,0,262,"2018-07-18 - Hansard Report - Wednesday, 18th July, 2018.pdf",
2018-07-19-14-30-00 - Senate,finished - no issues found,0,138,"2018-07-19 - Hansard Report - Thursday, 19th July, 2018.pdf",
2018-07-24-14-30-00 - Senate,finished - no issues found,0,94,"2018-07-24 - Hansard Report - Tuesday, 24th July, 2018.pdf",
2018-07-25-14-30-00 - Senate,needs human check,1,410,"2018-07-25 - Hansard Report - Wednesday, 25th July, 2018.pdf",
2018-07-26-14-30-00 - Senate,needs human check,1,304,"2018-07-26 - Hansard Report - Thursday, 26th July, 2018.pdf",
2018-07-31-14-30-00 - Senate,needs human check,1,376,"2018-07-31 - Hansard Report - Tuesday, 31st July, 2018.pdf",
2018-08-01-14-30-00 - Senate,needs human check,16,417,"2018-08-01 - Hansard Report - Wednesday, 1st August, 2018.pdf",
2018-08-02-14-30-00 - Senate,needs human check,11,331,"2018-08-02 - Hansard Report - Thursday, 2nd August, 2018.pdf",
2018-08-07-14-30-00 - Senate,needs human check,1,195,"2018-08-07 - Hansard Report - Tuesday, 7th August, 2018.pdf",
2018-08-08-14-30-00 - Senate,finished - no issues found,0,247,"2018-08-08 - Hansard Report - Wednesday, 8th August, 2018.pdf",
2018-08-09-14-30-00 - Senate,needs human check,2,238,"2018-08-09 - Hansard Report - Thursday, 9th August, 2018.pdf",
2018-09-11-14-30-00 - Senate,finished - no issues found,0,265,"2018-09-11 - Hansard Report - Tuesday, 11th September, 2018.pdf",
2018-09-12-14-30-00 - Senate,finished - no issues found,0,365,"2018-09-12 - Hansard Report - Wednesday, 12th September, 2018.pdf",
2018-09-13-14-30-00 - Senate,needs human check,15,216,"2018-09-13 - Hansard Report - Thursday, 13th September, 2018.pdf",
2018-09-18-14-30-00 - Senate,finished - no issues found,0,161,"2018-09-18 - Hansard Report - Tuesday, 18th September, 2018.pdf",
2018-09-19-14-30-00 - Senate,finished - no issues found,0,173,"2018-09-19 - Hansard Report - Wednesday, 19th September, 2018.pdf",
2018-09-20-14-30-00 - Senate,needs human check,26,395,"2018-09-20 - Hansard Report - Thursday, 20th September, 2018.pdf",
2018-09-25 - Senate,needs human check,26,460,"2018-09-25 - Hansard Report - Tuesday, 25th September, 2018.pdf",
2018-09-26 - Senate,finished - no issues found,0,323,"2018-09-26 - Hansard Report - Wednesday, 26th September, 2018.pdf",
2018-09-27 - Senate,finished - no issues found,0,300,"2018-09-27 - Hansard Report - Thursday, 27th September, 2018.pdf",
2018-10-02-14-30-00 - Senate,needs human check,9,210,"2018-10-02 - Hansard Report - Tuesday, 2nd October, 2018.pdf",
2018-10-03-14-30-00 - Senate,needs human check,26,443,"2018-10-03 - Hansard Report - Wednesday, 3rd October, 2018.pdf",
2018-10-04-14-30-00 - Senate,needs human check,8,176,"2018-10-04 - Hansard Report - Thursday, 4th October, 2018.pdf",
2018-10-09-14-30-00 - Senate,finished - no issues found,0,121,"2018-10-09 - Hansard Report - Tuesday, 9th October, 2018.pdf",
2018-10-11-14-30-00 - Senate,needs human check,16,271,"2018-10-11 - Hansard Report - Thursday, 11th October, 2018.pdf",
2018-10-16-14-30-00 - Senate,needs human check,4,249,"2018-10-16 - Hansard Report - Tuesday, 16th October, 2018.pdf",
2018-10-17-14-30-00 - Senate,needs human check,2,446,"2018-10-17 - Hansard Report - Wednesday, 17th October, 2018.pdf",
2018-10-18-14-30-00 - Senate,needs human check,10,310,"2018-10-18 - Hansard Report - Thursday, 18th October, 2018.pdf",
2018-10-23-14-30-00 - Senate,finished - no issues found,0,203,"2018-10-23 - Hansard Report - Tuesday, 23rd October, 2018.pdf",
2018-10-24-14-30-00 - Senate,finished - no issues found,0,550,"2018-10-24 - Hansard Report - Wednesday, 24th October, 2018.pdf",
2018-11-06-14-30-00 - Senate,finished - no issues found,0,234,"2018-11-06 - Hansard Report - Tuesday, 6th November, 2018.pdf",
2018-11-07-14-30-00 - Senate,finished - no issues found,0,316,"2018-11-07 - Hansard Report - Wednesday, 7th November, 2018.pdf",
2018-11-08-14-30-00 - Senate,finished - no issues found,0,160,"2018-11-08 - Hansard Report - Thursday, 8th November, 2018.pdf",
2018-11-13-14-30-00 - Senate,finished - no issues found,0,196,"2018-11-13 - Hansard Report - Tuesday, 13th November, 2018.pdf",
2018-11-14-14-30-00 - Senate,needs human check,1,267,"2018-11-14 - Hansard Report - Wednesday, 14th  November, 2018.pdf",
2018-11-15-14-30-00 - Senate,finished - no issues found,0,370,"2018-11-15 - Hansard Report - Thursday, 15th November, 2018.pdf",
2018-11-20-14-30-00 - Senate,finished - no issues found,0,156,"2018-11-20 - Hansard Report - Tuesday, 20th November, 2018.pdf",
2018-11-21-14-30-00 - Senate,finished - no issues found,0,363,"2018-11-21 - Hansard Report - Wednesday, 21st November, 2018.pdf",
2018-11-22-14-30-00 - Senate,needs human check,16,244,"2018-11-22 - Hansard Report - Thursday, 22nd November, 2018.pdf",
2018-11-25-14-30-00 - Senate,needs human check,2,219,"2018-11-25 - Hansard Report - Thursday, 25th October, 2018 (Mzalendo dates it 2018-11-25).pdf",
2018-11-27-14-30-00 - Senate,needs human check,13,349,"2018-11-27 - Hansard Report - Tuesday, 27th November, 2018.pdf",
2018-11-28-14-30-00 - Senate,needs human check,13,218,"2018-11-28 - Hansard Report - Wednesday, 28th November, 2018.pdf",
2018-11-29-14-30-00 - Senate,finished - no issues found,0,239,"2018-11-29 - Hansard Report - Thursday, 29th November, 2018.pdf",
2018-12-04-14-30-00 - Senate,finished - no issues found,0,345,"2018-12-04 - Hansard Report - Tuesday, 4th December, 2018.pdf",
2018-12-05-14-30-00 - Senate,needs human check,1,421,"2018-12-05 - Hansard Report - Wednesday, 5th December, 2018.pdf",
2018-12-06-14-30-00 - Senate,needs human check,7,397,"2018-12-06 - Hansard Report - Thursday, 6th December, 2018.pdf",
2019-02-12-14-30-00 - Senate,finished - no issues found,0,110,"2019-02-12 - Hansard Report - Tuesday, 12th February, 2019.pdf",
2019-02-13-14-30-00 - Senate,finished - no issues found,0,1574,"2019-02-13 - Hansard Report - Wednesday, 13th February, 2019.pdf",
2019-02-14-14-30-00 - Senate,needs human check,11,837,"2019-02-14 - Hansard Report - Thursday, 14th February, 2019.pdf",
2019-02-19-14-30-00 - Senate,needs human check,1,424,"2019-02-19 - Hansard Report - Tuesday, 19th February, 2019.pdf",
2019-02-20-14-30-00 - Senate,needs human check,1,542,"2019-02-20 - Hansard Report - Wednesday, 20th February, 2019.pdf",
2019-02-21-14-30-00 - Senate,needs human check,2,280,"2019-02-21 - Hansard Report - Thursday, 21st February, 2019.pdf",
2019-02-26-14-30-00 - Senate,finished - no issues found,0,329,"2019-02-26 - Hansard Report - Tuesday, 26th February, 2019.pdf",
2019-02-27-14-30-00 - Senate,needs human check,30,438,"2019-02-27 - Hansard Report - Wednesday, 27th February, 2019.pdf",
2019-02-28-14-30-00 - Senate,needs human check,17,489,"2019-02-28 - Hansard Report - Thursday, 28th February, 2019.pdf",
2019-03-12-14-30-00 - Senate,needs human check,1,440,"2019-03-12 - Hansard Report - Tuesday, 12th March, 2019.pdf",
2019-03-13-14-30-00 - Senate,finished - no issues found,0,303,"2019-03-13 - Hansard Report - Wednesday, 13th March, 2019.pdf",
2019-03-14-14-30-00 - Senate,finished - no issues found,0,258,"2019-03-14 - Hansard Report - Thursday, 14th March, 2019.pdf",
2019-03-19-14-30-00 - Senate,finished - no issues found,0,423,"2019-03-19 - Hansard Report - Tuesday, 19th March, 2019.pdf",
2019-03-20-14-30-00 - Senate,needs human check,1,256,"2019-03-20 - Hansard Report - Wednesday, 20th March, 2019.pdf",
2019-03-21-14-30-00 - Senate,needs human check,1,272,"2019-03-21 - Hansard Report - Thursday, 21st March, 2019.pdf",
2019-03-26-14-30-00 - Senate,finished - no issues found,0,263,"2019-03-26 - Hansard Report - Tuesday, 26th March, 2019.pdf",
2019-03-28-14-30-00 - Senate,finished - no issues found,0,203,"2019-03-28 - Hansard Report - Thursday, 28th March, 2019.pdf",
2019-04-02-14-30-00 - Senate,finished - no issues found,0,188,"2019-04-02 - Hansard Report - Tuesday, 2nd April, 2019.pdf",
2019-04-03-14-30-00 - Senate,needs human check,8,274,"2019-04-03 - Hansard Report - Wednesday, 3rd April, 2019.pdf",
2019-04-09-14-30-00 - Senate,needs human check,10,243,"2019-04-09 - Hansard Report - Tuesday, 9th April, 2019.pdf",
2019-04-10-14-30-00 - Senate,finished - no issues found,0,196,"2019-04-10 - Hansard Report - Wednesday, 10th April, 2019.pdf",
2019-04-11-14-30-00 - Senate,needs human check,1,176,"2019-04-11 - Hansard Report - Thursday, 11th April, 2019.pdf",
2019-04-30-14-30-00 - Senate,needs human check,4,273,"2019-04-30 - Hansard Report - Tuesday, 30th April, 2019 - Special Sitting.pdf",
2019-05-14-14-30-00 - Senate,finished - no issues found,0,231,"2019-05-14 - Hansard Report - Tuesday, 14th May, 2019.pdf",
2019-05-15-14-30-00 - Senate,needs human check,1,246,"2019-05-15 - Hansard Report - Wednesday, 15th May, 2019.pdf",
2019-05-16-14-30-00 - Senate,finished - no issues found,0,256,"2019-05-16 - Hansard Report - Thursday, 16th May, 2019.pdf",
2019-05-21 - Senate,finished - no issues found,0,234,"2019-05-21 - Hansard Report - Tuesday, 21st May, 2019.pdf",
2019-05-22-14-30-00 - Senate,needs human check,7,472,"2019-05-22 - Hansard Report - Wednesday, 22nd May, 2019.pdf",
2019-05-23-14-30-00 - Senate,finished - no issues found,0,201,"2019-05-23 - Hansard Report - Thursday, 23rd May, 2019.pdf",
2019-05-28-14-30-00 - Senate,finished - no issues found,0,101,"2019-05-28 - Hansard Report - Tuesday, 28th May, 2019.pdf",
2019-05-29-14-30-00 - Senate,needs human check,2,258,"2019-05-29 - Hansard Report - Wednesday, 29th May, 2019.pdf",
2019-05-30-14-30-00 - Senate,needs human check,5,210,"2019-05-30 - Hansard Report - Thursday, 30th May, 2019.pdf",
2019-06-04-14-30-00 - Senate,needs human check,9,189,"2019-06-04 - Hansard Report - Tuesday, 4th June, 2019.pdf",
2019-06-06-14-30-00 - Senate,finished - no issues found,0,653,"2019-06-06 - Hansard Report - Thursday, 6th June, 2019.pdf",
2019-06-11-14-30-00 - Senate,needs human check,1,375,"2019-06-11 - Hansard Report - Tuesday, 11th June, 2019.pdf",
2019-06-12-14-30-00 - Senate,finished - no issues found,0,619,"2019-06-12 - Hansard Report - Wednesday, 12th June, 2019.pdf",
2019-06-13-14-30-00 - Senate,finished - no issues found,0,288,"2019-06-13 - Hansard Report - Thursday, 13th June, 2019.pdf",
2019-06-18-14-30-00 - Senate,needs human check,2,513,"2019-06-18 - Hansard Report - Tuesday, 18th June, 2019.pdf",
2019-06-19-14-30-00 - Senate,needs human check,5,681,"2019-06-19 - Hansard Report - Wednesday, 19th June, 2019.pdf",
2019-06-20-14-30-00 - Senate,needs human check,2,582,"2019-06-20 - Hansard Report - Thursday, 20th June, 2019.pdf",
2019-07-02-14-30-00 - Senate,needs human check,7,289,"2019-07-02 - Hansard Report - Tuesday, 2nd July, 2019.pdf",
2019-07-03-14-30-00 - Senate,finished - no issues found,0,269,"2019-07-03 - Hansard Report - Wednesday, 3rd July, 2019.pdf",
2019-07-04-14-30-00 - Senate,needs human check,22,270,"2019-07-04 - Hansard Report - Thursday, 4th July, 2019.pdf",
2019-07-09-14-30-00 - Senate,finished - no issues found,0,206,"2019-07-09 - Hansard Report - Tuesday, 9th July, 2019.pdf",
2019-07-10-14-30-00 - Senate,needs human check,17,585,"2019-07-10 - Hansard Report - Wednesday, 10th July, 2019.pdf",
2019-07-11-14-30-00 - Senate,finished - no issues found,0,295,"2019-07-11 - Hansard Report - Thursday, 11th July, 2019.pdf",
2019-07-16-14-30-00 - Senate,finished - no issues found,0,342,"2019-07-16 - Hansard Report - Tuesday, 16th July, 2019.pdf",
2019-07-17-14-30-00 - Senate,needs human check,1,750,"2019-07-17 - Hansard Report - Wednesday, 17th July, 2019.pdf",
2019-07-18-14-30-00 - Senate,needs human check,8,259,"2019-07-18 - Hansard Report - Thursday, 18th July, 2019.pdf",
2019-07-23-14-30-00 - Senate,needs human check,11,363,"2019-07-23 - Hansard Report - Tuesday, 23rd July, 2019.pdf",
2019-07-24-14-30-00 - Senate,finished - no issues found,0,445,"2019-07-24 - Hansard Report - Wednesday, 24th July, 2019.pdf",
2019-07-25-14-30-00 - Senate,needs human check,9,417,"2019-07-25 - Hansard Report - Thursday, 25th July, 2019.pdf",
2019-07-30-14-30-00 - Senate,needs human check,19,221,"2019-07-30 - Hansard Report - Tuesday, 30th July, 2019.pdf",
2019-07-31-14-30-00 - Senate,needs human check,6,413,"2019-07-31 - Hansard Report - Wednesday, 31st July, 2019.pdf",
2019-08-01-14-30-00 - Senate,needs human check,20,263,"2019-08-01 - Hansard Report - Thursday, 1st August, 2019.pdf",
2019-08-06-14-30-00 - Senate,finished - no issues found,0,194,"2019-08-06 - Hansard Report - Tuesday, 6th August, 2019.pdf",
2019-08-07-14-30-00 - Senate,needs human check,1,431,"2019-08-07 - Hansard Report - Wednesday, 7th August, 2019.pdf",
2019-08-08-14-30-00 - Senate,needs human check,1,203,"2019-08-08 - Hansard Report - Thursday, 8th August, 2019.pdf",
2019-09-10-14-30-00 - Senate,needs human check,1,193,"2019-09-10 - Hansard Report - Tuesday, 10th September, 2019.pdf",
2019-09-11-14-30-00 - Senate,finished - no issues found,0,260,"2019-09-11 - Hansard Report - Wednesday, 11th September, 2019.pdf",
2019-09-12-14-30-00 - Senate,finished - no issues found,0,211,"2019-09-12 - Hansard Report - Thursday, 12th September, 2019.pdf",
2019-09-17 - Senate,needs human check,160,1236,"2019-09-17 - Hansard Report - Tuesday, 17th September, 2019.pdf",
2019-09-18 - Senate,needs human check,1,446,"2019-09-18 - Hansard Report - Wednesday, 18th September, 2019.pdf",
2019-09-19 - Senate,finished - no issues found,0,250,"2019-09-19 - Hansard Report - Thursday, 19th September, 2019.pdf",
2019-09-24-14-30-00 - Senate,needs human check,1,139,"2019-09-24 - Hansard Report - Tuesday, 24th September, 2019.pdf",
2019-09-25-14-30-00 - Senate,needs human check,1,261,"2019-09-25 - Hansard Report - Wednesday, 25th September, 2019.pdf",
2019-09-26-14-30-00 - Senate,finished - no issues found,0,156,"2019-09-26 - Hansard Report - Thursday, 26th September, 2019.pdf",
2019-10-01-14-30-00 - Senate,needs human check,1,154,"2019-10-01 - Hansard Report - Tuesday, 1st October, 2019.pdf",
2019-10-02-14-30-00 - Senate,finished - no issues found,0,166,"2019-10-02 - Hansard Report - Wednesday, 2nd October, 2019.pdf",
2019-10-03-14-30-00 - Senate,finished - no issues found,0,120,"2019-10-03 - Hansard Report - Thursday, 3rd October, 2019.pdf",
2019-10-08-14-30-00 - Senate,needs human check,15,264,"2019-10-08 - Hansard Report - Tuesday, 8th October, 2019.pdf",
2019-10-09-14-30-00 - Senate,finished - no issues found,0,308,"2019-10-09 - Hansard Report - Wednesday, 9th October, 2019.pdf",
2019-10-15-14-30-00 - Senate,finished - no issues found,0,341,"2019-10-15 - Hansard Report - Tuesday, 15th October, 2019.pdf",
2019-10-16-14-30-00 - Senate,finished - no issues found,0,319,"2019-10-16 - Hansard Report - Wednesday, 16th October, 2019.pdf",
2019-10-17-14-30-00 - Senate,finished - no issues found,0,353,"2019-10-17 - Hansard Report - Thursday, 17th October, 2019.pdf",
2019-10-22-14-30-00 - Senate,needs human check,18,138,"2019-10-22 - Hansard Report - Tuesday, 22nd October, 2019.pdf",
2019-10-23-14-30-00 - Senate,finished - no issues found,0,399,"2019-10-23 - Hansard Report - Wednesday, 23rd October, 2019.pdf",
2019-10-24-14-30-00 - Senate,finished - no issues found,0,271,"2019-10-24 - Hansard Report - Thursday, 24th October, 2019.pdf",
2019-11-05-14-30-00 - Senate,finished - no issues found,0,468,"2019-11-05 - Hansard Report - Tuesday, 5th November, 2019.pdf",
2019-11-06-14-30-00 - Senate,finished - no issues found,0,254,"2019-11-06 - Hansard Report - Wednesday, 6th November, 2019.pdf",
2019-11-07-14-30-00 - Senate,finished - no issues found,0,300,"2019-11-07 - Hansard Report - Thursday, 7th November, 2019.pdf",
2019-11-12-14-30-00 - Senate,finished - no issues found,0,295,"2019-11-12 - Hansard Report - Tuesday, 12th November, 2019.pdf",
2019-11-13-14-30-00 - Senate,finished - no issues found,0,255,"2019-11-13 - Hansard Report - Wednesday, 13th November, 2019.pdf",
2019-11-14-14-30-00 - Senate,finished - no issues found,0,261,"2019-11-14 - Hansard Report - Thursday, 14th November, 2019.pdf",
2019-11-19-14-30-00 - Senate,finished - no issues found,0,318,"2019-11-19 - Hansard Report - Tuesday, 19th November, 2019.pdf",
2019-11-20-14-30-00 - Senate,needs human check,8,298,"2019-11-20 - Hansard Report - Wednesday, 20th November, 2019.pdf",
2019-11-21-14-30-00 - Senate,finished - no issues found,0,307,"2019-11-21 - Hansard Report - Thursday, 21st November, 2019.pdf",
2019-11-26-14-30-00 - Senate,needs human check,33,376,"2019-11-26 - Hansard Report - Tuesday, 26th November, 2019.pdf",
2019-11-27-14-30-00 - Senate,finished - no issues found,0,231,"2019-11-27 - Hansard Report - Wednesday, 27th November, 2019.pdf",
2019-11-28-14-30-00 - Senate,finished - no issues found,0,148,"2019-11-28 - Hansard Report - Thursday, 28th November, 2019.pdf",
2019-12-03-14-30-00 - Senate,finished - no issues found,0,307,"2019-12-03 - Hansard Report - Tuesday, 3rd December, 2019.pdf",
2019-12-04-14-30-00 - Senate,finished - no issues found,0,240,"2019-12-04 - Hansard Report - Wednesday, 4th December, 2019.pdf",
2019-12-05-14-30-00 - Senate,finished - no issues found,0,342,"2019-12-05 - Hansard Report - Thursday, 5th December, 2019.pdf",
2020-01-28-09-10-00 - Senate,finished - no issues found,0,59,"2020-01-28 - Hansard Report - Tuesday, 28th January, 2020 - Special Sitting - Morning.pdf",
2020-01-28-14-00-00 - Senate,needs human check,4,589,"2020-01-28 - Hansard Report - Tuesday, 28th January, 2020 - Special Sitting - Afternoon.pdf",
2020-01-29-09-00-00 - Senate,finished - no issues found,0,67,"2020-01-29 - Hansard Report - Wednesday, 29th January, 2020 - Special Sitting - Morning.pdf",
2020-01-29-14-00-00 - Senate,needs human check,5,365,"2020-01-29 - Hansard Report - Wednesday, 29th January, 2020 - Afternoon -Special Sitting.pdf",
2020-02-10-14-30-00 - Senate,needs human check,2,137,"2020-02-10 - Hansard Report - Monday, 10th February, 2020 - Special Sitting.pdf",
2020-02-13-14-30-00 - Senate,finished - no issues found,0,88,"2020-02-13 - Hansard Report - Thursday, 13th February, 2020.pdf",
2020-02-18-14-30-00 - Senate,finished - no issues found,0,325,"2020-02-18 - Hansard Report - Tuesday, 18th February, 2020.pdf",
2020-02-19-14-30-00 - Senate,needs human check,6,291,"2020-02-19 - Hansard Report - Wednesday, 19th February, 2020.pdf",
2020-02-20-14-30-00 - Senate,finished - no issues found,0,206,"2020-02-20 - Hansard Report - Thursday, 20th February, 2020.pdf",
2020-02-25-14-30-00 - Senate,finished - no issues found,0,466,"2020-02-25 - Hansard Report - Tuesday, 25th February, 2020.pdf",
2020-02-26-14-30-00 - Senate,needs human check,11,419,"2020-02-26 - Hansard Report - Wednesday, 26th February, 2020.pdf",
2020-02-27-14-30-00 - Senate,finished - no issues found,0,244,"2020-02-27 - Hansard Report - Thursday, 27th February, 2020.pdf",
2020-03-03-14-30-00 - Senate,finished - no issues found,0,224,"2020-03-03 - Hansard Report - Tuesday, 3rd March, 2020.pdf",
2020-03-04-14-30-00 - Senate,finished - no issues found,0,233,"2020-03-04 - Hansard Report - Wednesday, 4th March, 2020.pdf",
2020-03-05-14-30-00 - Senate,finished - no issues found,0,254,"2020-03-05 - Hansard Report - Thursday, 5th March, 2020.pdf",
2020-03-10-14-30-00 - Senate,finished - no issues found,0,252,"2020-03-10 - Hansard Report - Tuesday, 10th March, 2020.pdf",
2020-03-11-14-30-00 - Senate,finished - no issues found,0,293,"2020-03-11 - Hansard Report - Wednesday, 11th March, 2020.pdf",
2020-03-12-14-30-00 - Senate,needs human check,1,252,"2020-03-12 - Hansard Report - Thursday, 12th March, 2020.pdf",
2020-03-17-14-30-00 - Senate,finished - no issues found,0,188,"2020-03-17 - Hansard Report - Thursday, 17th March, 2020.pdf",
2020-03-31-14-30-00 - Senate,finished - no issues found,0,178,"2020-03-31 - Hansard Report - Tuesday, 31st March, 2020.pdf",
2020-04-14-14-30-00 - Senate,finished - no issues found,0,344,"2020-04-14 - Hansard Report - Tuesday, 14th April, 2020.pdf",
2020-04-21-14-30-00 - Senate,needs human check,1,288,"2020-04-21 - Hansard Report - Tuesday, 21st April, 2020.pdf",
2020-04-28-14-30-00 - Senate,finished - no issues found,0,367,"2020-04-28 - Hansard Report - Tuesday, 28th April, 2020.pdf",
2020-05-05-14-30-00 - Senate,finished - no issues found,0,379,"2020-05-05 - Hansard Report - Tuesday, 5th May, 2020.pdf",
2020-05-12-10-00-00 - Senate,needs human check,20,233,"2020-05-12 - Hansard Report - Tuesday, 12th May, 2020 - Morning.pdf",
2020-05-12-14-30-00 - Senate,needs human check,37,620,"2020-05-12 - Hansard Report - Tuesday, 12th May, 2020 - Afternoon.pdf",
2020-05-19-10-00-00 - Senate,finished - no issues found,0,120,"2020-05-19 - Hansard Report - Tuesday, 19th May, 2020 - Morning.pdf",
2020-05-19-14-30-00 - Senate,needs human check,1,222,"2020-05-19 - Hansard Report - Tuesday, 19th May 2020 - Afternoon.pdf",
2020-05-22-14-30-00 - Senate,finished - no issues found,0,369,"2020-05-22 - Hansard Report - Friday, 22nd May, 2020.pdf",
2020-05-26-10-00-00 - Senate,needs human check,1,157,"2020-05-26 - Hansard Report - Tuesday 26th May, 2020 - Morning.pdf",
2020-05-26-14-30-00 - Senate,finished - no issues found,0,150,"2020-05-26 - Hansard Report - Tuesday, 26th May, 2020 - Afternoon.pdf",
2020-06-02-10-00-00 - Senate,finished - no issues found,0,127,"2020-06-02 - Hansard Report - Tuesday, 2nd June, 2020 - Morning.pdf",
2020-06-02-14-30-00 - Senate,finished - no issues found,0,379,"2020-06-02 - Hansard Report - Tuesday, 2nd June, 2020 - Afternoon.pdf",
2020-06-09-14-30-00 - Senate,finished - no issues found,0,575,"2020-06-09 - Hansard Report - Tuesday, 9th June, 2020.pdf",
2020-06-16-14-30-00 - Senate,needs human check,8,574,"2020-06-16 - Hansard Report - Tuesday, 16th June, 2020.pdf",
2020-06-23-10-00-00 - Senate,finished - no issues found,0,129,"2020-06-23 - Hansard Report - Tuesday, 23rd June, 2020 - Morning.pdf",
2020-06-23-14-30-00 - Senate,needs human check,1,328,"2020-06-23 - Hansard Report - Tuesday, 23rd June, 2020 - Afternoon.pdf",
2020-06-24-14-30-00 - Senate,finished - no issues found,0,293,"2020-06-24 - Hansard Report - Wednesday, 24th June, 2020.pdf",
2020-06-26-14-30-00 - Senate,finished - no issues found,0,164,"2020-06-26 - Hansard Report - Friday, 26th June, 2020 -Special Sitting.pdf",
2020-06-30-14-30-00 - Senate,needs human check,5,446,"2020-06-30 - Hansard Report - Tuesday, 30th June, 2020 - Special Sitting.pdf",
2020-07-07-14-30-00 - Senate,needs human check,1,262,"2020-07-07 - Hansard Report - Tuesday, 7th July, 2020.pdf",
2020-07-13-14-30-00 - Senate,finished - no issues found,0,96,"2020-07-13 - Hansard Report - Monday, 13th July, 2020 - Special Sitting.pdf",
2020-07-14-14-30-00 - Senate,finished - no issues found,0,254,"2020-07-14 - Hansard Report - Tuesday, 14th July, 2020.pdf",
2020-07-21-14-30-00 - Senate,finished - no issues found,0,252,"2020-07-21 - Hansard Report - Tuesday, 21st July, 2020.pdf",
2020-07-23-10-00-00 - Senate,needs human check,3,385,"2020-07-23 - Hansard Report - Thursday, 23rd July, 2020 - Special Sitting.pdf",
2020-07-28-14-30-00 - Senate,needs human check,11,471,"2020-07-28 - Hansard Report - Tuesday, 28th July, 2020.pdf",
2020-08-04-14-30-00 - Senate,needs human check,5,471,"2020-08-04 - Hansard Report - Tuesday, 4th August, 2020.pdf",
2020-08-11-14-30-00 - Senate,needs human check,1,0,"2020-08-11 - Hansard Report - Tuesday, 11th August, 2020.pdf",
2020-08-17-10-00-00 - Senate,needs human check,1,0,"2020-08-17 - Hansard Report - Monday, 17th August, 2020 - Afternoon - Special Sitting.pdf",
2020-08-17-14-30-00 - Senate,needs human check,1,0,"2020-08-17 - Hansard Report - Monday, 17th August, 2020 - Afternoon - Special Sitting.pdf",
2020-09-08-14-30-00 - Senate,finished - no issues found,0,386,"2020-09-08 - Hansard Report - Tuesday, 8th September, 2020.pdf",
2020-09-15-14-30-00 - Senate,finished - no issues found,0,162,"2020-09-15 - Hansard Report - Tuesday, 15th September, 2020.pdf",
2020-09-16-14-30-00 - Senate,needs human check,1,249,"2020-09-16 - Hansard Report - Wednesday, 16th September, 2020.pdf",
2020-09-17-14-30-00 - Senate,needs human check,7,570,"2020-09-17 - Hansard Report - Thursday, 17th September, 2020.pdf",
2020-09-22-14-30-00 - Senate,needs human check,1,108,"2020-09-22 - Hansard Report - Tuesday, 22nd September, 2020.pdf",
2020-09-23-14-30-00 - Senate,needs human check,1,332,"2020-09-23 - Hansard Report - Wednesday, 23rd September, 2020.pdf",
2020-09-24-14-30-00 - Senate,needs human check,4,340,"2020-09-24 - Hansard Report - Thursday, 24th September, 2020.pdf",
2020-09-29-14-30-00 - Senate,needs human check,20,490,"2020-09-29 - Hansard Report - Tuesday, 29th September, 2020.pdf",
2020-09-30-14-30-00 - Senate,finished - no issues found,0,160,"2020-09-30 - Hansard Report - Wednesday, 30th September, 2020.pdf",
2020-10-01-14-30-00 - Senate,needs human check,22,158,"2020-10-01 - Hansard Report - Thursday, 1st October, 2020.pdf",
2020-10-06-14-30-00 - Senate,finished - no issues found,0,218,"2020-10-06 - Hansard Report - Tuesday, 6th October, 2020.pdf",
2020-10-07-14-30-00 - Senate,finished - no issues found,0,313,"2020-10-07 - Hansard Report - Wednesday, 7th October, 2020.pdf",
2020-10-08-14-30-00 - Senate,finished - no issues found,0,326,"2020-10-08 - Hansard Report - Thursday, 8th October, 2020.pdf",
2020-11-03-14-30-00 - Senate,needs human check,4,179,"2020-11-03 - Hansard Report - Tuesday, 3rd November, 2020.pdf",
2020-11-04-14-30-00 - Senate,needs human check,1,194,"2020-11-04 - Hansard Report - Wednesday, 4th November, 2020.pdf",
2020-11-05-14-30-00 - Senate,needs human check,1,176,"2020-11-05 - Hansard Report - Thursday, 5th November, 2020.pdf",
2020-11-10-14-30-00 - Senate,finished - no issues found,0,207,"2020-11-10 - Hansard Report - Tuesday, 10th November, 2020.pdf",
2020-11-11-14-30-00 - Senate,needs human check,1,276,"2020-11-11 - Hansard Report - Wednesday, 11th November, 2020.pdf",
2020-11-17-14-30-00 - Senate,finished - no issues found,0,226,"2020-11-17 - Hansard Report - Tuesday, 17th November, 2020.pdf",
2020-11-24-14-30-00 - Senate,needs human check,1,248,"2020-11-24 - Hansard Report - Tuesday, 24th November, 2020.pdf",
2020-12-01-14-30-00 - Senate,finished - no issues found,0,458,"2020-12-01 - Hansard Report - Tuesday, 1st December, 2020.pdf",
2020-12-09-14-30-00 - Senate,needs human check,1,98,"2020-12-09 - Hansard Report - Wednesday, 9th December, 2020 - Special Sitting.pdf",
2020-12-16-09-00-00 - Senate,finished - no issues found,0,98,"2020-12-16 - Hansard Report - Wednesday, 16th December, 2020 - Special Sitting - Morning.pdf",
2020-12-16-15-05-00 - Senate,needs human check,4,1183,"2020-12-16 - Hansard Report - Wednesday, 16th December, 2020 - Special Sitting - Afternoon.pdf",
2020-12-17-09-00-00 - Senate,needs human check,2,594,"2020-12-17 - Hansard Report - Thursday, 17th December, 2020 - Morning.pdf",
2020-12-17-14-05-00 - Senate,needs human check,12,1510,"2020-12-17 - Hansard Report - Thursday, 17th December, 2020 - Afternoon.pdf",
2020-12-21-14-30-00 - Senate,needs human check,3,536,"2020-12-21 - Hansard Report - Monday, 21st December, 2020 - Special Sitting.pdf",
2020-12-29-10-00-00 - Senate,finished - no issues found,0,105,"2020-12-29 - Hansard Report - Tuesday, 29th December, 2020 - Morning.pdf",
2020-12-29-14-30-00 - Senate,finished - no issues found,0,119,"2020-12-29 - Hansard Report - Tuesday, 29th December, 2020 - Afternoon - Special Sitting.pdf",
2021-02-09-14-30-00 - Senate,finished - no issues found,0,131,"2021-02-09 - Hansard Report - Tuesday, 9th February, 2021.pdf",
2021-02-10-14-30-00 - Senate,needs human check,14,250,"2021-02-10 - Hansard Report - Wednesday, 10th February, 2021.pdf",
2021-02-11-14-30-00 - Senate,finished - no issues found,0,149,"2021-02-11 - Hansard Report - Thursday, 11th February, 2021.pdf",
2021-02-16-14-30-00 - Senate,needs human check,1,232,"2021-02-16 - Hansard Report - Tuesday, 16th February, 2021.pdf",
2021-02-17-14-30-00 - Senate,finished - no issues found,0,191,"2021-02-17 - Hansard Report - Wednesday, 17th February, 2021.pdf",
2021-02-18-14-30-00 - Senate,finished - no issues found,0,176,"2021-02-18 - Hansard Report - Thursday, 18th February, 2021.pdf",
2021-02-23-14-30-00 - Senate,needs human check,2,291,"2021-02-23 - Hansard Report - Tuesday, 23rd February, 2021.pdf",
2021-02-24-14-30-00 - Senate,needs human check,3,186,"2021-02-24 - Hansard Report - Wednesday, 24th February, 2021.pdf",
2021-02-25-14-30-00 - Senate,finished - no issues found,0,133,"2021-02-25 - Hansard Report - Thursday, 25th February, 2021.pdf",
2021-03-02-14-30-00 - Senate,finished - no issues found,0,252,"2021-03-02 - Hansard Report - Tuesday, 2nd March, 2021.pdf",
2021-03-03-14-30-00 - Senate,finished - no issues found,0,185,"2021-03-03 - Hansard Report - Wednesday, 3rd March, 2021.pdf",
2021-03-04-14-30-00 - Senate,finished - no issues found,0,270,"2021-03-04 - Hansard Report - Thursday, 4th March, 2021.pdf",
2021-03-23-14-30-00 - Senate,needs human check,1,297,"2021-03-23 - Hansard Report - Tuesday, 23rd March, 2021.pdf",
2021-03-24-14-30-00 - Senate,finished - no issues found,0,184,"2021-03-24 - Hansard Report - Wednesday, 24th March, 2021.pdf",
2021-03-30-10-00-00 - Senate,needs human check,8,597,"2021-03-30 - Hansard Report - Tuesday, 30th March, 2021.pdf",
2021-04-13-10-00-00 - Senate,finished - no issues found,0,338,"2021-04-13 - Hansard Report - Tuesday, 13th April, 2021.pdf",
2021-04-28-10-00-00 - Senate,finished - no issues found,0,67,"2021-04-28 - Hansard Report - Wednesday, 28th April, 2021 - Morning - Special Sitting.pdf",
2021-04-28-14-30-00 - Senate,finished - no issues found,0,248,"2021-04-28 - Hansard Report - Wednesday, 28th April, 2021 - Afternoon - Special Sitting.pdf",
2021-04-29-10-00-00 - Senate,finished - no issues found,0,122,"2021-04-29 - Hansard Report - Thursday, 29th April, 2021 - Morning - Special Sitting.pdf",
2021-04-29-14-30-00 - Senate,finished - no issues found,0,233,"2021-04-29 - Hansard Report - Thursday, 29th April, 2021 - Afternoon - Special Sitting.pdf",
2021-05-04-10-00-00 - Senate,finished - no issues found,0,152,"2021-05-04 - Hansard Report - Tuesday, 4th May, 2021 - Morning - Special Sitting.pdf",
2021-05-04-14-30-00 - Senate,finished - no issues found,0,88,"2021-05-04 - Hansard Report - Tuesday, 4th May, 2021 - Afternoon - Special Sitting.pdf",
2021-05-06-10-00-00 - Senate,finished - no issues found,0,206,"2021-05-06 - Hansard Report - Thursday, 6th May, 2021 - Morning - Special Sitting.pdf",
2021-05-06-14-30-00 - Senate,finished - no issues found,0,147,"2021-05-06 - Hansard Report - Thursday, 6th May, 2021 - Afternoon - Special Sitting.pdf",
2021-05-11-10-00-00 - Senate,finished - no issues found,0,355,"2021-05-11 - Hansard Report - Tuesday, 11th May, 2021 - Morning - Special Sitting.pdf",
2021-05-11-14-30-00 - Senate,needs human check,19,423,"2021-05-11 - Hansard Report - Tuesday, 11th May, 2021 - Afternoon - Special Sitting.pdf",
2021-05-17-14-00-00 - Senate,needs human check,1,169,"2021-05-17 - Hansard Report - Monday, 17th May, 2021 - Special Sitting.pdf",
2021-05-17-14-30-00 - Senate,finished - no issues found,0,169,"2021-05-17 - Hansard Report - Monday, 17th May, 2021 - Special Sitting.pdf",
2021-05-18-10-00-00 - Senate,finished - no issues found,0,104,"2021-05-18 - Hansard Report - Tuesday, 18th May, 2021 - Morning - Special Sitting.pdf",
2021-05-18-14-30-00 - Senate,finished - no issues found,0,154,"2021-05-18 - Hansard Report - Tuesday, 18th May, 2021 - Afternoon - Special Sitting.pdf",
2021-05-25-10-00-00 - Senate,needs human check,24,198,"2021-05-25 - Hansard Report - Tuesday, 25th May, 2021 - Morning - Special Sitting.pdf",
2021-05-25-14-30-00 - Senate,needs human check,32,162,"2021-05-25 - Hansard Report - Tuesday, 25th May, 2021 - Afternoon - Special Sitting.pdf",
2021-06-02-14-30-00 - Senate,finished - no issues found,0,204,"2021-06-02 - Hansard Report - Wednesday, 2nd June, 2021.pdf",
2021-06-03-14-30-00 - Senate,finished - no issues found,0,637,"2021-06-03 - Hansard Report - Thursday, 3rd June, 2021.pdf",
2021-07-06-14-30-00 - Senate,needs human check,1,247,"2021-07-06 - Hansard Report - Tuesday, 6th July, 2021.pdf",
2021-07-07-14-30-00 - Senate,finished - no issues found,0,282,"2021-07-07 - Hansard Report - Wednesday, 7th July, 2021.pdf",
2021-07-08-14-30-00 - Senate,finished - no issues found,0,246,"2021-07-08 - Hansard Report - Thursday, 8th July, 2021.pdf",
2021-07-13-14-30-00 - Senate,finished - no issues found,0,129,"2021-07-13 - Hansard Report - Tuesday, 13th July, 2021.pdf",
2021-07-14-14-30-00 - Senate,finished - no issues found,0,160,"2021-07-14 - Hansard Report - Wednesday, 14th July, 2021.pdf",
2021-07-15-14-30-00 - Senate,finished - no issues found,0,141,"2021-07-15 - Hansard Report - Thursday, 15th July, 2021.pdf",
2021-07-21-14-30-00 - Senate,finished - no issues found,0,153,"2021-07-21 - Hansard Report - Wednesday, 21st July, 2021.pdf",
2021-07-22-14-30-00 - Senate,finished - no issues found,0,384,"2021-07-22 - Hansard Report - Thursday, 22nd July, 2021.pdf",
2021-07-27-14-30-00 - Senate,finished - no issues found,0,153,"2021-07-27 - Hansard Report - Tuesday, 27th July, 2021.pdf",
2021-07-28-14-30-00 - Senate,finished - no issues found,0,152,"2021-07-28 - Hansard Report - Wednesday, 28th July, 2021.pdf",
2021-07-29-14-30-00 - Senate,needs human check,29,1100,"2021-07-29 - Hansard Report - Thursday, 29th July, 2021.pdf",
2021-08-03-14-30-00 - Senate,needs human check,1,198,"2021-08-03 - Hansard Report - Tuesday, 3rd August, 2021.pdf",
2021-08-04-14-30-00 - Senate,needs human check,1,321,"2021-08-04 - Hansard Report - Wednesday, 4th August, 2021.pdf",
2021-08-05-14-30-00 - Senate,needs human check,4,622,"2021-08-05 - Hansard Report - Thursday, 5th August, 2021.pdf",
2021-09-07-14-30-00 - Senate,finished - no issues found,0,169,"2021-09-07 - Hansard Report - Tuesday, 7th September, 2021.pdf",
2021-09-08-14-30-00 - Senate,finished - no issues found,0,224,"2021-09-08 - Hansard Report - Wednesday, 8th September, 2021.pdf",
2021-09-09-14-30-00 - Senate,needs human check,1,284,"2021-09-09 - Hansard Report - Thursday, 9th September, 2021.pdf",
2021-09-14-14-30-00 - Senate,needs human check,1,439,"2021-09-14 - Hansard Report - Tuesday, 14th September, 2021.pdf",
2021-09-15-14-00-00 - Senate,finished - no issues found,0,547,"2021-09-15 - Hansard Report - Wednesday, 15th September, 2021.pdf",
2021-09-16-14-30-00 - Senate,finished - no issues found,0,291,"2021-09-16 - Hansard Report - Thursday, 16th September, 2021.pdf",
2021-09-21-14-30-00 - Senate,finished - no issues found,0,125,"2021-09-21 - Hansard Report - Tuesday, 21st September, 2021.pdf",
2021-09-22-14-30-00 - Senate,finished - no issues found,0,135,"2021-09-22 - Hansard Report - Wednesday, 22nd September, 2021.pdf",
2021-09-23-14-30-00 - Senate,needs human check,1,293,"2021-09-23 - Hansard Report - Thursday, 23rd September, 2021.pdf",
2021-09-28-14-30-00 - Senate,finished - no issues found,0,213,"2021-09-28 - Hansard Report - Tuesday, 28th September, 2021.pdf",
2021-09-29-14-30-00 - Senate,finished - no issues found,0,224,"2021-09-29 - Hansard Report - Wednesday, 29th September, 2021.pdf",
2021-09-30 - Senate,needs human check,1,180,"2021-09-30 - Hansard Report - Thursday, 30th September, 2021.pdf",
2021-10-05-14-30-00 - Senate,finished - no issues found,0,179,"2021-10-05 - Hansard Report - Tuesday, 5th October, 2021.pdf",
2021-10-06-14-30-00 - Senate,finished - no issues found,0,187,"2021-10-06 - Hansard Report - Wednesday, 6th October, 2021.pdf",
2021-10-07-14-30-00 - Senate,finished - no issues found,0,198,"2021-10-07 - Hansard Report - Thursday, 7th October, 2021.pdf",
2021-10-12-14-30-00 - Senate,finished - no issues found,0,155,"2021-10-12 - Hansard Report - Tuesday, 12th October, 2021.pdf",
2021-10-13-14-30-00 - Senate,finished - no issues found,0,209,"2021-10-13 - Hansard Report - Wednesday, 13th October, 2021.pdf",
2021-10-14-14-30-00 - Senate,finished - no issues found,0,178,"2021-10-14 - Hansard Report - Thursday, 14th October, 2021.pdf",
2021-10-19-14-30-00 - Senate,finished - no issues found,0,197,"2021-10-19 - Hansard Report - Tuesday, 19th October, 2021.pdf",
2021-10-21-14-30-00 - Senate,needs human check,1,925,"2021-10-21 - Hansard Report - Thursday, 21st October, 2021.pdf",
2021-11-02-14-30-00 - Senate,finished - no issues found,0,334,"2021-11-02 - Hansard Report - Tuesday, 2nd November, 2021.pdf",
2021-11-03-14-30-00 - Senate,finished - no issues found,0,242,"2021-11-03 - Hansard Report - Wednesday, 3rd November, 2021.pdf",
2021-11-04-14-30-00 - Senate,finished - no issues found,0,218,"2021-11-04 - Hansard Report - Thursday, 4th November, 2021.pdf",
2021-11-09-14-30-00 - Senate,finished - no issues found,0,231,"2021-11-09 - Hansard Report - Tuesday, 9th November, 2021.pdf",
2021-11-10-14-30-00 - Senate,finished - no issues found,0,183,"2021-11-10 - Hansard Report - Wednesday, 10th November, 2021.pdf",
2021-11-11-14-30-00 - Senate,finished - no issues found,0,208,"2021-11-11 - Hansard Report - Thursday, 11th November, 2021.pdf",
2021-11-16-14-30-00 - Senate,finished - no issues found,0,165,"2021-11-16 - Hansard Report - Tuesday, 16th November, 2021.pdf",
2021-11-17-14-30-00 - Senate,finished - no issues found,0,235,"2021-11-17 - Hansard Report - Wednesday, 17th November, 2021.pdf",
2021-11-18-14-30-00 - Senate,finished - no issues found,0,214,"2021-11-18 - Hansard Report - Thursday, 18th November, 2021.pdf",
2021-12-01-09-30-00 - Senate,finished - no issues found,0,97,"2021-12-01 - Hansard Report - Wednesday, 1st December, 2021 - Morning.pdf",
2021-12-01-14-30-00 - Senate,finished - no issues found,0,226,"2021-12-01 - Hansard Report - Wednesday, 1st December, 2021 - Afternoon.pdf",
2021-12-02 - Senate,finished - no issues found,0,111,"2021-12-02 - Hansard Report - Thursday, 2nd December, 2021 - Morning - Special Sitting.pdf",
2021-12-02-14-30-00 - Senate,needs human check,1,1286,"2021-12-02 - Hansard Report - Thursday, 2nd December, 2021 - Afternoon – Special Sitting.pdf",
2021-12-21-10-00-00 - Senate,finished - no issues found,0,74,"2021-12-21 - Hansard Report - Tuesday, 21st December, 2021 - Morning - Special Sitting.pdf",
2021-12-21-14-30-00 - Senate,finished - no issues found,0,185,"2021-12-21 - Hansard Report - Tuesday, 21st December, 2021 - Afternoon - Special Sitting.pdf",
2021-12-22-10-00-00 - Senate,finished - no issues found,0,181,"2021-12-22 - Hansard Report - Wednesday, 22nd December, 2021 - Morning - Special Sitting.pdf",
2021-12-22-14-30-00 - Senate,finished - no issues found,0,218,"2021-12-22 - Hansard Report - Wednesday, 22nd December, 2021 - Afternoon - Special Sitting.pdf",
2022-01-11-10-00-00 - Senate,finished - no issues found,0,114,"2022-01-11 - Hansard Report - Tuesday, 11th January, 2022 - Morning - Special Sitting.pdf",
2022-01-11-14-30-00 - Senate,needs human check,1,306,"2022-01-11 - Hansard Report - Tuesday, 11th January, 2022 - Afternoon - Special Sitting.pdf",
2022-01-25-14-30-00 - Senate,finished - no issues found,0,279,"2022-01-25 - Hansard Report - Tuesday, 25th January, 2022 - Special Sitting.pdf",
2022-01-27-10-00-00 - Senate,finished - no issues found,0,22,"2022-01-27 - Hansard Report - Thursday, 27th January, 2022 - Morning - Special Sitting.pdf",
2022-01-27-14-30-00 - Senate,finished - no issues found,0,46,"2022-01-27 - Hansard Report - Thursday, 27th January, 2022 - Afternoon - Special Sitting.pdf",
2022-02-08-14-30-00 - Senate,needs human check,5,57,"2022-02-08 - Hansard Report - Tuesday, 8th February, 2022.pdf",
2022-02-10-14-30-00 - Senate,finished - no issues found,0,171,"2022-02-10 - Hansard Report - Thursday, 10th February, 2022.pdf",
2022-02-15-14-30-00 - Senate,finished - no issues found,0,123,"2022-02-15 - Hansard Report - Tuesday, 15th February, 2022.pdf",
2022-02-16 - Senate,finished - no issues found,0,108,"2022-02-16 - Hansard Report - Wednesday, 16th February 2022 - Morning.pdf",
2022-02-16-14-30-00 - Senate,finished - no issues found,0,166,"2022-02-16 - Hansard Report - Wednesday, 16th February 2022 - Afternoon.pdf",
2022-02-17 - Senate,finished - no issues found,0,246,"2022-02-17 - Hansard Report - Thursday, 17th February, 2022.pdf",
2022-02-22 - Senate,finished - no issues found,0,296,"2022-02-22 - Hansard Report - Tuesday, 22nd February, 2022.pdf",
2022-02-23 - Senate,finished - no issues found,0,375,"2022-02-23 - Hansard Report - Wednesday, 23rd February, 2022 - Afternoon.pdf",
2022-02-23-10-00-00 - Senate,finished - no issues found,0,110,"2022-02-23 - Hansard Report - Wednesday, 23rd February 2022 - Morning.pdf",
2022-02-24-14-30-00 - Senate,finished - no issues found,0,73,"2022-02-24 - Hansard Report - Thursday, 24th February, 2022.pdf",
2022-03-01 - Senate,finished - no issues found,0,123,"2022-03-01 - Hansard Report - Tuesday, 1st March, 2022.pdf",
2022-03-02-10-00-00 - Senate,finished - no issues found,0,355,"2022-03-02 - Hansard Report - Wednesday, 2nd March, 2022 - Morning.pdf",
2022-03-02-14-30-00 - Senate,finished - no issues found,0,164,"2022-03-02 - Hansard Report - Wednesday, 2nd March, 2022 - Afternoon.pdf",
2022-03-03-14-30-00 - Senate,needs human check,4,169,"2022-03-03 - Hansard Report - Thursday, 3rd March, 2022.pdf",
2022-03-08-14-30-00 - Senate,finished - no issues found,0,189,"2022-03-08 - Hansard Report - Tuesday, 8th March, 2022.pdf",
2022-03-09-10-00-00 - Senate,needs human check,1,96,"2022-03-09 - Hansard Report - Wednesday, 9th March, 2022 - Morning.pdf",
2022-03-09-14-30-00 - Senate,finished - no issues found,0,174,"2022-03-09 - Hansard Report - Wednesday, 9th March, 2022 - Afternoon.pdf",
2022-03-10-14-30-00 - Senate,needs human check,1,210,"2022-03-10 - Hansard Report - Thursday, 10th March, 2022.pdf",
2022-03-22-14-30-00 - Senate,needs human check,1,141,"2022-03-22 - Hansard Report - Tuesday, 22nd March, 2022.pdf",
2022-03-23-14-30-00 - Senate,finished - no issues found,0,143,"2022-03-23 - Hansard Report - Wednesday, 23rd March, 2022.pdf",
2022-03-24-14-30-00 - Senate,finished - no issues found,0,269,"2022-03-24 - Hansard Report - Thursday, 24th March, 2022.pdf",
2022-03-29-14-30-00 - Senate,finished - no issues found,0,108,"2022-03-29 - Hansard Report - Tuesday, 29th March, 2022.pdf",
2022-03-30-14-30-00 - Senate,needs human check,1,158,"2022-03-30 - Hansard Report - Wednesday, 30th March, 2022.pdf",
2022-03-31-14-30-00 - Senate,needs human check,1,364,"2022-03-31 - Hansard Report - Thursday, 31st March, 2022.pdf",
2022-04-05-14-30-00 - Senate,finished - no issues found,0,167,"2022-04-05 - Hansard Report - Tuesday, 5th April, 2022.pdf",
2022-04-06-14-30-00 - Senate,needs human check,19,203,"2022-04-06 - Hansard Report - Wednesday, 6th April, 2022.pdf",
2022-04-07-14-30-00 - Senate,finished - no issues found,0,201,"2022-04-07 - Hansard Report - Thursday, 7th April, 2022.pdf",
2022-04-26-14-30-00 - Senate,finished - no issues found,0,91,"2022-04-26 - Hansard Report - Tuesday, 26th April, 2022.pdf",
2022-04-27-14-30-00 - Senate,finished - no issues found,0,51,"2022-04-27 - Hansard Report - Wednesday, 27th April, 2022.pdf",
2022-04-28-14-30-00 - Senate,finished - no issues found,0,120,"2022-04-28 - Hansard Report - Thursday, 28th April, 2022.pdf",
2022-05-04-14-30-00 - Senate,finished - no issues found,0,158,"2022-05-04 - Hansard Report – Wednesday, 4th May, 2022.pdf",
2022-05-05-14-30-00 - Senate,finished - no issues found,0,168,"2022-05-05 - Hansard Report - Thursday, 5th May, 2022.pdf",
2022-05-10-14-30-00 - Senate,finished - no issues found,0,163,"2022-05-10 - Hansard Report - Tuesday, 10th May, 2022.pdf",
2022-05-11-14-30-00 - Senate,finished - no issues found,0,239,"2022-05-11 - Hansard Report - Wednesday, 11th May, 2022.pdf",
2022-05-12-14-30-00 - Senate,finished - no issues found,0,280,"2022-05-12 - Hansard Report - Thursday, 12th May, 2022.pdf",
2022-05-17-14-30-00 - Senate,finished - no issues found,0,148,"2022-05-17 - Hansard Report - Tuesday, 17th May 2022.pdf",
2022-05-18-14-30-00 - Senate,finished - no issues found,0,223,"2022-05-18 - Hansard Report - Wednesday, 18th May, 2022.pdf",
2022-05-19 - Senate,finished - no issues found,0,206,"2022-05-19 - Hansard Report - Thursday, 19th May, 2022.pdf",
2022-06-07-14-30-00 - Senate,needs human check,2,225,"2022-06-07 - Hansard Report - Tuesday, 7th June, 2022.pdf",
2022-06-08-14-30-00 - Senate,needs human check,48,683,"2022-06-08 - Hansard Report - Wednesday, 8th June, 2022.pdf",
2022-06-09-14-30-00 - Senate,needs human check,1,163,"2022-06-09 - Hansard Report - Thursday, 9th June, 2022.pdf",
2022-06-14-14-30-00 - Senate,needs human check,5,385,"2022-06-14 - Hansard Report - Tuesday, 14th June 2022.pdf",
2022-06-15-14-30-00 - Senate,finished - no issues found,0,215,"2022-06-15 - Hansard Report - Wednesday, 15th June, 2022.pdf",
2022-06-16-14-30-00 - Senate,needs human check,17,1058,"2022-06-16 - Hansard Report - Thursday, 16th June, 2022.pdf",
2022-06-21-14-30-00 - Senate,finished - no issues found,0,211,"2022-06-21 - Hansard Report - Tuesday, 21st June, 2022 - Afternoon.pdf",
